{
  "groups": [
    {
      "group": "baseline",
      "n": 5,
      "mean": 0.71194,
      "std": 0.0028085583490467035,
      "ci95": 0.00246180993579926
    },
    {
      "group": "method",
      "n": 5,
      "mean": 0.7494,
      "std": 0.0017306068299876847,
      "ci95": 0.0015169437695577307
    }
  ]
}
