{
  "suite": "output/corepaper_logs/experiments/external_n14_latest",
  "reference_group": "method",
  "rows": [
    {
      "reference_group": "method",
      "comparator_group": "baseline",
      "n_reference": 14,
      "n_comparator": 14,
      "reference_mean": 0.7491642857142857,
      "comparator_mean": 0.7127142857142859,
      "delta_mean": 0.03644999999999987,
      "reference_worst": 0.746,
      "comparator_worst": 0.7074,
      "delta_worst": 0.03859999999999997,
      "reference_cvar40": 0.7475166666666667,
      "comparator_cvar40": 0.7105333333333334,
      "delta_cvar40": 0.03698333333333337,
      "delta_ci95_halfwidth": 0.0015383004607983117,
      "cohen_d": 17.55348748105553,
      "p_two_sided": 0.0,
      "permutation_mode": "monte_carlo",
      "permutation_total_combinations": 40116600,
      "permutation_samples_used": 200000
    },
    {
      "reference_group": "method",
      "comparator_group": "ext1",
      "n_reference": 14,
      "n_comparator": 14,
      "reference_mean": 0.7491642857142857,
      "comparator_mean": 0.73005,
      "delta_mean": 0.01911428571428575,
      "reference_worst": 0.746,
      "comparator_worst": 0.7264,
      "delta_worst": 0.01959999999999995,
      "reference_cvar40": 0.7475166666666667,
      "comparator_cvar40": 0.7286,
      "delta_cvar40": 0.018916666666666693,
      "delta_ci95_halfwidth": 0.0013021215824125705,
      "cohen_d": 10.874607416138483,
      "p_two_sided": 0.0,
      "permutation_mode": "monte_carlo",
      "permutation_total_combinations": 40116600,
      "permutation_samples_used": 200000
    },
    {
      "reference_group": "method",
      "comparator_group": "ext2",
      "n_reference": 14,
      "n_comparator": 14,
      "reference_mean": 0.7491642857142857,
      "comparator_mean": 0.7438357142857142,
      "delta_mean": 0.005328571428571571,
      "reference_worst": 0.746,
      "comparator_worst": 0.7404,
      "delta_worst": 0.005600000000000049,
      "reference_cvar40": 0.7475166666666667,
      "comparator_cvar40": 0.7425666666666667,
      "delta_cvar40": 0.00495000000000001,
      "delta_ci95_halfwidth": 0.0012690970745437087,
      "cohen_d": 3.1104483930259987,
      "p_two_sided": 0.0,
      "permutation_mode": "monte_carlo",
      "permutation_total_combinations": 40116600,
      "permutation_samples_used": 200000
    }
  ]
}
