{
  "scenario": "nominal",
  "seed_range": [
    1,
    14
  ],
  "n_per_variant": 14,
  "variant_a": "method",
  "variant_b": "ext2",
  "rows": {
    "method": {
      "mean": 0.749264,
      "std": 0.002182,
      "ci95": 0.001143,
      "worst": 0.746212,
      "cvar40": 0.747143,
      "values": [
        0.746284,
        0.751872,
        0.746735,
        0.751682,
        0.746482,
        0.750517,
        0.749555,
        0.747587,
        0.746212,
        0.751888,
        0.750296,
        0.749623,
        0.751326,
        0.749639
      ]
    },
    "ext2": {
      "mean": 0.742882,
      "std": 0.002689,
      "ci95": 0.001409,
      "worst": 0.739197,
      "cvar40": 0.740317,
      "values": [
        0.741549,
        0.745066,
        0.740294,
        0.739811,
        0.739197,
        0.741933,
        0.745304,
        0.745777,
        0.741632,
        0.73942,
        0.742772,
        0.745531,
        0.744978,
        0.747083
      ]
    }
  },
  "delta": {
    "mean": 0.006382,
    "worst": 0.007015,
    "cvar40": 0.006825
  },
  "permutation_test": {
    "p_two_sided": 0.0,
    "mode": "monte_carlo",
    "total_combinations": 40116600,
    "samples_used": 200000
  }
}
