{
  "suite": "output/corepaper_logs/experiments/external_latest",
  "reference_group": "method",
  "rows": [
    {
      "reference_group": "method",
      "comparator_group": "baseline",
      "n_reference": 5,
      "n_comparator": 5,
      "reference_mean": 0.7494,
      "comparator_mean": 0.71194,
      "delta_mean": 0.03745999999999994,
      "reference_worst": 0.7474,
      "comparator_worst": 0.7074,
      "delta_worst": 0.039999999999999925,
      "reference_cvar40": 0.7476499999999999,
      "comparator_cvar40": 0.70945,
      "delta_cvar40": 0.0381999999999999,
      "delta_ci95_halfwidth": 0.0028916477240493827,
      "cohen_d": 16.0586286858401,
      "p_two_sided": 0.007936507936507936,
      "permutation_mode": "exact",
      "permutation_total_combinations": 252,
      "permutation_samples_used": 252
    },
    {
      "reference_group": "method",
      "comparator_group": "ext1",
      "n_reference": 5,
      "n_comparator": 5,
      "reference_mean": 0.7494,
      "comparator_mean": 0.73078,
      "delta_mean": 0.01861999999999997,
      "reference_worst": 0.7474,
      "comparator_worst": 0.7295,
      "delta_worst": 0.017899999999999916,
      "reference_cvar40": 0.7476499999999999,
      "comparator_cvar40": 0.7298,
      "delta_cvar40": 0.01784999999999992,
      "delta_ci95_halfwidth": 0.001764435501796539,
      "cohen_d": 13.081572610148578,
      "p_two_sided": 0.007936507936507936,
      "permutation_mode": "exact",
      "permutation_total_combinations": 252,
      "permutation_samples_used": 252
    },
    {
      "reference_group": "method",
      "comparator_group": "ext2",
      "n_reference": 5,
      "n_comparator": 5,
      "reference_mean": 0.7494,
      "comparator_mean": 0.744,
      "delta_mean": 0.00539999999999996,
      "reference_worst": 0.7474,
      "comparator_worst": 0.7404,
      "delta_worst": 0.007000000000000006,
      "reference_cvar40": 0.7476499999999999,
      "comparator_cvar40": 0.7418499999999999,
      "delta_cvar40": 0.005800000000000027,
      "delta_ci95_halfwidth": 0.002690987922678232,
      "cohen_d": 2.4875285744063085,
      "p_two_sided": 0.007936507936507936,
      "permutation_mode": "exact",
      "permutation_total_combinations": 252,
      "permutation_samples_used": 252
    }
  ]
}
