{
  "rows": [
    {
      "group": "method",
      "n": 14,
      "mean": 0.7491642857142857,
      "std": 0.0016699180739264967,
      "ci95": 0.0008747565815260145
    },
    {
      "group": "ext2",
      "n": 14,
      "mean": 0.7438357142857142,
      "std": 0.001755258974036058,
      "ci95": 0.0009194608788264572
    },
    {
      "group": "ext1",
      "n": 14,
      "mean": 0.73005,
      "std": 0.0018412997081910954,
      "ci95": 0.0009645317716185082
    },
    {
      "group": "baseline",
      "n": 14,
      "mean": 0.7127142857142859,
      "std": 0.0024156085848425013,
      "ci95": 0.001265373158704269
    }
  ],
  "rank": {
    "method": 1,
    "ext2": 2,
    "ext1": 3,
    "baseline": 4
  }
}
