{
  "rows": [
    {
      "group": "method",
      "n": 5,
      "mean": 0.7494,
      "std": 0.0017306068299876847,
      "ci95": 0.0015169437695577307
    },
    {
      "group": "ext2",
      "n": 5,
      "mean": 0.744,
      "std": 0.002535744466621216,
      "ci95": 0.002222678024366122
    },
    {
      "group": "ext1",
      "n": 5,
      "mean": 0.73078,
      "std": 0.0010281050529979822,
      "ci95": 0.0009011738123136887
    },
    {
      "group": "baseline",
      "n": 5,
      "mean": 0.71194,
      "std": 0.0028085583490467035,
      "ci95": 0.00246180993579926
    }
  ],
  "rank": {
    "method": 1,
    "ext2": 2,
    "ext1": 3,
    "baseline": 4
  }
}
