{
  "input_json": "output/corepaper_reports/ws3/maniskill_proxy_results.json",
  "scenario": "shifted",
  "reference_group": "method",
  "variant_summary": {
    "adaptmanip": {
      "n_episodes": 64,
      "n_seeds": 8,
      "mean_success": 0.40262369143495086,
      "worst_seed_mean": 0.3988767699403419,
      "cvar40_seed": 0.3999613901090114,
      "mean_steps": 86.703125,
      "success_per_1k_steps": 4.643704496636665,
      "seed_means": [
        0.40807785877788993,
        0.401483760349351,
        0.39952364003734137,
        0.40256028134732597,
        0.4040770133411549,
        0.40175225559381544,
        0.40463795209238596,
        0.3988767699403419
      ]
    },
    "baseline": {
      "n_episodes": 64,
      "n_seeds": 8,
      "mean_success": 0.3226352983331485,
      "worst_seed_mean": 0.3199702108779044,
      "cvar40_seed": 0.32084878084493146,
      "mean_steps": 86.765625,
      "success_per_1k_steps": 3.7184691325988664,
      "seed_means": [
        0.32264986780996474,
        0.32237933334506425,
        0.3199702108779044,
        0.3242514649917113,
        0.3212605113121776,
        0.32131562034471245,
        0.3261764874387733,
        0.32307889054487987
      ]
    },
    "ext1": {
      "n_episodes": 64,
      "n_seeds": 8,
      "mean_success": 0.36390651022836756,
      "worst_seed_mean": 0.3595596135051672,
      "cvar40_seed": 0.3604901339230718,
      "mean_steps": 87.0,
      "success_per_1k_steps": 4.182833450900777,
      "seed_means": [
        0.3616095599641425,
        0.36392064749220476,
        0.3595596135051672,
        0.36638622495307527,
        0.3603012282999058,
        0.3671160240227239,
        0.3642642513523983,
        0.36809453223732136
      ]
    },
    "ext2": {
      "n_episodes": 64,
      "n_seeds": 8,
      "mean_success": 0.3945792006653299,
      "worst_seed_mean": 0.38932868393259096,
      "cvar40_seed": 0.3912217733685274,
      "mean_steps": 87.265625,
      "success_per_1k_steps": 4.521587975395008,
      "seed_means": [
        0.3958711787683974,
        0.3935142851276746,
        0.3908223510453165,
        0.3966101878792551,
        0.3960971451800259,
        0.38932868393259096,
        0.3973235333424229,
        0.39706624004695784
      ]
    },
    "latency_aware": {
      "n_episodes": 64,
      "n_seeds": 8,
      "mean_success": 0.40019856406371984,
      "worst_seed_mean": 0.388070942086275,
      "cvar40_seed": 0.3952542250600286,
      "mean_steps": 86.828125,
      "success_per_1k_steps": 4.609089094849392,
      "seed_means": [
        0.4014366808504763,
        0.4046768356572088,
        0.4017104938195637,
        0.4025134913747829,
        0.4054883356276418,
        0.3988864498192917,
        0.39880528327451914,
        0.388070942086275
      ]
    },
    "method": {
      "n_episodes": 64,
      "n_seeds": 8,
      "mean_success": 0.42767370252084413,
      "worst_seed_mean": 0.4215824437111641,
      "cvar40_seed": 0.42429706214802804,
      "mean_steps": 86.65625,
      "success_per_1k_steps": 4.9352897514125535,
      "seed_means": [
        0.4215824437111641,
        0.4264616119549363,
        0.4248471307779838,
        0.4305947247748882,
        0.4315786438714105,
        0.4267691736860195,
        0.4300226417000944,
        0.4295332496902566
      ]
    },
    "robust_cp": {
      "n_episodes": 64,
      "n_seeds": 8,
      "mean_success": 0.40251110219154007,
      "worst_seed_mean": 0.39624331791663414,
      "cvar40_seed": 0.3977061585244091,
      "mean_steps": 87.390625,
      "success_per_1k_steps": 4.605884237485887,
      "seed_means": [
        0.4044252180946471,
        0.40889501931551137,
        0.3983130320388871,
        0.39894459878568533,
        0.40716988459437203,
        0.39624331791663414,
        0.3985621256177061,
        0.40753562116887615
      ]
    }
  },
  "comparisons": [
    {
      "reference_group": "method",
      "comparator_group": "baseline",
      "n_reference": 64,
      "n_comparator": 64,
      "reference_mean": 0.42767370252084413,
      "comparator_mean": 0.3226352983331485,
      "delta_mean": 0.10503840418769561,
      "reference_worst_seed_mean": 0.4215824437111641,
      "comparator_worst_seed_mean": 0.3199702108779044,
      "delta_worst_seed_mean": 0.10161223283325971,
      "reference_cvar40_seed": 0.42429706214802804,
      "comparator_cvar40_seed": 0.32084878084493146,
      "delta_cvar40_seed": 0.10344828130309658,
      "delta_ci95_halfwidth": 0.008988576166977508,
      "cohen_d": 4.048911594909806,
      "p_two_sided": 0.0,
      "p_two_sided_mean": 0.0,
      "p_two_sided_worst_seed": 0.0001554001554001554,
      "p_two_sided_cvar40_seed": 0.0001554001554001554,
      "permutation_mode": "monte_carlo",
      "permutation_mode_mean": "monte_carlo",
      "permutation_mode_worst_seed": "exact",
      "permutation_mode_cvar40_seed": "exact",
      "permutation_total_combinations": 23951146041928082866135587776380551750,
      "permutation_total_combinations_mean": 23951146041928082866135587776380551750,
      "permutation_total_combinations_worst_seed": 12870,
      "permutation_total_combinations_cvar40_seed": 12870,
      "permutation_samples_used": 200000,
      "permutation_samples_used_mean": 200000,
      "permutation_samples_used_worst_seed": 12870,
      "permutation_samples_used_cvar40_seed": 12870
    },
    {
      "reference_group": "method",
      "comparator_group": "ext1",
      "n_reference": 64,
      "n_comparator": 64,
      "reference_mean": 0.42767370252084413,
      "comparator_mean": 0.36390651022836756,
      "delta_mean": 0.06376719229247657,
      "reference_worst_seed_mean": 0.4215824437111641,
      "comparator_worst_seed_mean": 0.3595596135051672,
      "delta_worst_seed_mean": 0.062022830205996915,
      "reference_cvar40_seed": 0.42429706214802804,
      "comparator_cvar40_seed": 0.3604901339230718,
      "delta_cvar40_seed": 0.06380692822495626,
      "delta_ci95_halfwidth": 0.009398241359656556,
      "cohen_d": 2.3508871561427314,
      "p_two_sided": 0.0,
      "p_two_sided_mean": 0.0,
      "p_two_sided_worst_seed": 0.0001554001554001554,
      "p_two_sided_cvar40_seed": 0.0001554001554001554,
      "permutation_mode": "monte_carlo",
      "permutation_mode_mean": "monte_carlo",
      "permutation_mode_worst_seed": "exact",
      "permutation_mode_cvar40_seed": "exact",
      "permutation_total_combinations": 23951146041928082866135587776380551750,
      "permutation_total_combinations_mean": 23951146041928082866135587776380551750,
      "permutation_total_combinations_worst_seed": 12870,
      "permutation_total_combinations_cvar40_seed": 12870,
      "permutation_samples_used": 200000,
      "permutation_samples_used_mean": 200000,
      "permutation_samples_used_worst_seed": 12870,
      "permutation_samples_used_cvar40_seed": 12870
    },
    {
      "reference_group": "method",
      "comparator_group": "ext2",
      "n_reference": 64,
      "n_comparator": 64,
      "reference_mean": 0.42767370252084413,
      "comparator_mean": 0.3945792006653299,
      "delta_mean": 0.03309450185551421,
      "reference_worst_seed_mean": 0.4215824437111641,
      "comparator_worst_seed_mean": 0.38932868393259096,
      "delta_worst_seed_mean": 0.03225375977857314,
      "reference_cvar40_seed": 0.42429706214802804,
      "comparator_cvar40_seed": 0.3912217733685274,
      "delta_cvar40_seed": 0.03307528877950061,
      "delta_ci95_halfwidth": 0.00929817561157953,
      "cohen_d": 1.2332161010071834,
      "p_two_sided": 0.0,
      "p_two_sided_mean": 0.0,
      "p_two_sided_worst_seed": 0.0001554001554001554,
      "p_two_sided_cvar40_seed": 0.0001554001554001554,
      "permutation_mode": "monte_carlo",
      "permutation_mode_mean": "monte_carlo",
      "permutation_mode_worst_seed": "exact",
      "permutation_mode_cvar40_seed": "exact",
      "permutation_total_combinations": 23951146041928082866135587776380551750,