{
  "input_json": "output/corepaper_reports/ws3/metaworld_seedexp_adaptmanip_method_results.json",
  "scenario": "shifted",
  "reference_group": "method",
  "variant_summary": {
    "adaptmanip": {
      "n_episodes": 140,
      "n_seeds": 14,
      "mean_success": 0.6214285714285714,
      "worst_seed_mean": 0.4,
      "cvar40_seed": 0.5166666666666667,
      "mean_steps": 80.0,
      "success_per_1k_steps": 7.767857142857143,
      "seed_means": [
        0.7,
        0.7,
        0.5,
        0.4,
        0.8,
        0.7,
        0.5,
        0.7,
        0.7,
        0.7,
        0.6,
        0.6,
        0.5,
        0.6
      ]
    },
    "method": {
      "n_episodes": 140,
      "n_seeds": 14,
      "mean_success": 0.7,
      "worst_seed_mean": 0.6,
      "cvar40_seed": 0.65,
      "mean_steps": 80.0,
      "success_per_1k_steps": 8.75,
      "seed_means": [
        0.7,
        0.8,
        0.7,
        0.7,
        0.7,
        0.8,
        0.6,
        0.7,
        0.7,
        0.8,
        0.6,
        0.7,
        0.7,
        0.6
      ]
    }
  },
  "comparisons": [
    {
      "reference_group": "method",
      "comparator_group": "adaptmanip",
      "n_reference": 140,
      "n_comparator": 140,
      "reference_mean": 0.7,
      "comparator_mean": 0.6214285714285714,
      "delta_mean": 0.07857142857142851,
      "reference_worst_seed_mean": 0.6,
      "comparator_worst_seed_mean": 0.4,
      "delta_worst_seed_mean": 0.19999999999999996,
      "reference_cvar40_seed": 0.65,
      "comparator_cvar40_seed": 0.5166666666666667,
      "delta_cvar40_seed": 0.1333333333333333,
      "delta_ci95_halfwidth": 0.11093104994421815,
      "cohen_d": 0.1659275792756437,
      "p_two_sided": 0.20682,
      "p_two_sided_mean": 0.20682,
      "p_two_sided_worst_seed": 0.097165,
      "p_two_sided_cvar40_seed": 0.049,
      "permutation_mode": "monte_carlo",
      "permutation_mode_mean": "monte_carlo",
      "permutation_mode_worst_seed": "monte_carlo",
      "permutation_mode_cvar40_seed": "monte_carlo",
      "permutation_total_combinations": 92549072262470879878244758693221706389840827423788740485341931505471061141310470440,
      "permutation_total_combinations_mean": 92549072262470879878244758693221706389840827423788740485341931505471061141310470440,
      "permutation_total_combinations_worst_seed": 40116600,
      "permutation_total_combinations_cvar40_seed": 40116600,
      "permutation_samples_used": 200000,
      "permutation_samples_used_mean": 200000,
      "permutation_samples_used_worst_seed": 200000,
      "permutation_samples_used_cvar40_seed": 200000
    }
  ],
  "compute_profile": {
    "total_episodes_all_scenarios": 280,
    "total_episodes_scenario": 280,
    "training_loop": "none (evaluation-only benchmark slice)",
    "gpu_hours": 0.0
  }
}
