{
  "summary": {
    "family_name": "cross-embodiment-proxy-shifted",
    "alpha": 0.05,
    "input_json": "output/corepaper_reports/ws3/cross_embodiment_proxy_stats.json",
    "num_tests": 6,
    "holm_significant_count": 6,
    "bh_significant_count": 6
  },
  "rows": [
    {
      "comparison": "method vs baseline",
      "p_raw": 1.6051879931428868e-222,
      "p_bonferroni": 9.631127958857321e-222,
      "p_holm": 9.631127958857321e-222,
      "q_bh": 9.631127958857321e-222,
      "significant_raw_alpha": true,
      "significant_holm_alpha": true,
      "significant_bh_alpha": true,
      "delta_mean": 0.0929018356955959,
      "delta_ci95_halfwidth": 0.005718153474239759,
      "delta_ci95_lower": 0.08718368222135614,
      "delta_ci95_upper": 0.09861998916983566,
      "ci95_excludes_zero": true,
      "cohen_d": 3.7528249830389395
    },
    {
      "comparison": "method vs ext1",
      "p_raw": 3.766234605011658e-100,
      "p_bonferroni": 2.259740763006995e-99,
      "p_holm": 1.883117302505829e-99,
      "q_bh": 1.1298703815034974e-99,
      "significant_raw_alpha": true,
      "significant_holm_alpha": true,
      "significant_bh_alpha": true,
      "delta_mean": 0.06290808776965001,
      "delta_ci95_halfwidth": 0.005804054094704695,
      "delta_ci95_lower": 0.05710403367494532,
      "delta_ci95_upper": 0.0687121418643547,
      "ci95_excludes_zero": true,
      "cohen_d": 2.503599497467471
    },
    {
      "comparison": "method vs ext2",
      "p_raw": 3.4892228304567745e-31,
      "p_bonferroni": 2.0935336982740647e-30,
      "p_holm": 1.3956891321827098e-30,
      "q_bh": 6.978445660913549e-31,
      "significant_raw_alpha": true,
      "significant_holm_alpha": true,
      "significant_bh_alpha": true,
      "delta_mean": 0.03432686574742011,
      "delta_ci95_halfwidth": 0.005792950855069521,
      "delta_ci95_lower": 0.02853391489235059,
      "delta_ci95_upper": 0.04011981660248963,
      "ci95_excludes_zero": true,
      "cohen_d": 1.3687499946667447
    },
    {
      "comparison": "method vs latency_aware",
      "p_raw": 1.0927839450761887e-23,
      "p_bonferroni": 6.556703670457131e-23,
      "p_holm": 2.1855678901523774e-23,
      "q_bh": 1.3113407340914262e-23,
      "significant_raw_alpha": true,
      "significant_holm_alpha": true,
      "significant_bh_alpha": true,
      "delta_mean": 0.02881795005902088,
      "delta_ci95_halfwidth": 0.005629805749047354,
      "delta_ci95_lower": 0.023188144309973527,
      "delta_ci95_upper": 0.034447755808068234,
      "ci95_excludes_zero": true,
      "cohen_d": 1.1823865948883192
    },
    {
      "comparison": "method vs adaptmanip",
      "p_raw": 4.090867651385558e-23,
      "p_bonferroni": 2.4545205908313346e-22,
      "p_holm": 4.090867651385558e-23,
      "q_bh": 4.090867651385558e-23,
      "significant_raw_alpha": true,
      "significant_holm_alpha": true,
      "significant_bh_alpha": true,
      "delta_mean": 0.02892683708128263,
      "delta_ci95_halfwidth": 0.005725921883298315,
      "delta_ci95_lower": 0.023200915197984315,
      "delta_ci95_upper": 0.03465275896458095,
      "ci95_excludes_zero": true,
      "cohen_d": 1.1669314748980144
    },
    {
      "comparison": "method vs robust_cp",
      "p_raw": 6.60737012361441e-25,
      "p_bonferroni": 3.9644220741686464e-24,
      "p_holm": 1.9822110370843232e-24,
      "q_bh": 9.911055185421616e-25,
      "significant_raw_alpha": true,
      "significant_holm_alpha": true,
      "significant_bh_alpha": true,
      "delta_mean": 0.029915792133875352,
      "delta_ci95_halfwidth": 0.005689298632022375,
      "delta_ci95_lower": 0.024226493501852978,
      "delta_ci95_upper": 0.035605090765897726,
      "ci95_excludes_zero": true,
      "cohen_d": 1.2145953091709845
    }
  ]
}
